{"metadata":{"asset_id":"dc0d5140-ca74-4ef3-af0e-1aea62a61211","asset_attributes":["data_asset"],"name":"local_dev_corp_loans.csv","asset_type":"data_asset","created_at":"2021-09-12T17:36:11Z","description":"","origin_country":"us","owner_id":"IBMid-664001SBDS","project_id":"9076e994-78e1-4a41-b33c-5d9729206bd8","size":2535706,"tags":[],"usage":{"last_update_time":1631468172201,"last_updated_at":"2021-09-12T17:36:12Z"}},"entity":{"data_asset":{"mime_type":"text/csv","dataset":false}},"attachments":[{"id":"3b6af5bf-4c05-4c51-be96-55d937bdedf6","version":2,"asset_type":"data_asset","name":"local_dev_corp_loans.csv","mime":"text/csv","datasource_type":"193a97c1-4475-4a19-b90c-295c4fdc6517","object_key":"local_dev_corp_loans.csv","creator_id":"IBMid-664001SBDS","create_time":1631468172200,"size":2535706,"is_remote":false,"is_managed":false,"is_referenced":true,"is_object_key_read_only":true,"is_user_provided_path_key":true,"transfer_complete":true,"is_partitioned":false,"complete_time_ticks":1631468172200,"user_data":{},"test_doc":0,"handle":{"bucket":"usacorploansspss-donotdelete-pr-ccyh5tevw0ebk4","location":"eu-geo","key":"local_dev_corp_loans.csv","upload_id":"done","max_part_num":1},"usage":{"access_count":0,"last_accessor_id":"IBMid-664001SBDS","last_access_time":1631468172200}}]}
