{"metadata":{"asset_id":"a8843ece-97c0-4804-b827-65a3eb1b1656","asset_attributes":["wml_model"],"name":"Predict_Repaid_Risk","asset_type":"wml_model","created_at":"2021-09-12T19:56:29Z","description":"Classifying borrowers according to their commitment to repaid the loans.","origin_country":"us","owner_id":"IBMid-664001SBDS","project_id":"9076e994-78e1-4a41-b33c-5d9729206bd8","sandbox_id":"9076e994-78e1-4a41-b33c-5d9729206bd8","size":47024,"tags":[],"usage":{"last_update_time":1632027493398,"last_updated_at":"2021-09-19T04:58:13Z"}},"entity":{"wml_model":{"software_spec":{"base_id":"390d21f8-e58b-4fac-9c55-d7ceda621326","name":"spark-mllib_2.4"},"ml_version":"4.0.9","type":"pmml_4.2","schemas":{"input":[{"fields":[{"metadata":{},"name":"OID_transformed","nullable":true,"type":"double"},{"metadata":{},"name":"Original Loan Amount_transformed","nullable":true,"type":"double"},{"metadata":{},"name":"Interest Rate_transformed","nullable":true,"type":"double"},{"metadata":{},"name":"Loan Length_transformed","nullable":true,"type":"double"},{"metadata":{},"name":"Amount Repaid_transformed","nullable":true,"type":"double"},{"metadata":{},"name":"Fiscal Year End Date_months","nullable":true,"type":"double"},{"metadata":{},"name":"Date Loan Awarded_months","nullable":true,"type":"double"},{"metadata":{},"name":"Authority Name_transformed","nullable":true,"type":"string"},{"metadata":{},"name":"Loan Fund Sources_transformed","nullable":true,"type":"string"},{"metadata":{},"name":"Recipient State_transformed","nullable":true,"type":"string"},{"metadata":{},"name":"Loan Purpose_transformed","nullable":true,"type":"string"},{"metadata":{},"name":"New Jobs_transformed","nullable":true,"type":"string"},{"metadata":{},"name":"Loan Terms Completed_transformed","nullable":true,"type":"string"}],"id":"default_schema_id","type":"struct"}],"output":[{"fields":[{"metadata":{},"name":"$L-Class_transformed","nullable":true,"type":"string"},{"metadata":{},"name":"$LC-Class_transformed","nullable":true,"type":"double"},{"metadata":{},"name":"$LRP-Class_transformed","nullable":true,"type":"double"}],"id":"default_schema_id","type":"struct"}]}}},"attachments":[{"id":"e500dc9a-c0da-4358-a45f-9cf7491e4ffa","version":2,"asset_type":"wml_model","datasource_type":"193a97c1-4475-4a19-b90c-295c4fdc6517","creator_id":"IBMid-664001SBDS","create_time":1631476590876,"size":47024,"is_remote":false,"is_managed":true,"is_referenced":false,"is_object_key_read_only":false,"is_user_provided_path_key":false,"transfer_complete":true,"is_partitioned":false,"complete_time_ticks":1631476592078,"user_data":{"content_format":"native"},"test_doc":0,"handle":{"bucket":"usacorploansspss-donotdelete-pr-ccyh5tevw0ebk4","location":"eu-geo","type":"bluemix_cos","key":"edc697fd-2724-44bc-a77d-ffdfd559ab9e/a8843ece-97c0-4804-b827-65a3eb1b1656/e500dc9a-c0da-4358-a45f-9cf7491e4ffa","upload_id":"done","max_part_num":1},"usage":{"access_count":0,"last_accessor_id":"IBMid-664001SBDS","last_access_time":1631476590876}}]}
